"Status","Start Time","Stop Time","Duration in ms","Parent Suite","Suite","Sub Suite","Test Class","Test Method","Name","Description"
"passed","Tue May 12 14:10:23 EEST 2020","Tue May 12 14:10:23 EEST 2020","178","","navigating to imdb page","","navigating to imdb page","should enter Email to sign in ","should enter Email to sign in ",""
"passed","Tue May 12 14:10:32 EEST 2020","Tue May 12 14:10:34 EEST 2020","1911","","Starting flow - imdb 250 movies chart page: ","","Starting flow - imdb 250 movies chart page: ","should rate and unrate the first movie on the 250 list. ","should rate and unrate the first movie on the 250 list. ",""
"passed","Tue May 12 14:10:34 EEST 2020","Tue May 12 14:10:40 EEST 2020","6279","","Starting flow - imdb 250 movies chart page: ","","Starting flow - imdb 250 movies chart page: ","should sort the list of 250 movies based on different rankings available in dropdown. ","should sort the list of 250 movies based on different rankings available in dropdown. ",""
"passed","Tue May 12 14:10:20 EEST 2020","Tue May 12 14:10:27 EEST 2020","6509","","Starting flow - imdb 250 movies chart page: ","","Starting flow - imdb 250 movies chart page: ","should sign in from Top 250 page. ","should sign in from Top 250 page. ",""
"passed","Tue May 12 14:10:23 EEST 2020","Tue May 12 14:10:23 EEST 2020","85","","navigating to imdb page","","navigating to imdb page","should enter Password to sign in ","should enter Password to sign in ",""
"passed","Tue May 12 14:10:21 EEST 2020","Tue May 12 14:10:22 EEST 2020","1178","","navigating to imdb page","","navigating to imdb page","should click Sign in button ","should click Sign in button ",""
"passed","Tue May 12 14:10:17 EEST 2020","Tue May 12 14:10:21 EEST 2020","4036","","navigating to imdb page","","navigating to imdb page","should open browser and go to IMDB home ","should open browser and go to IMDB home ",""
"passed","Tue May 12 14:10:27 EEST 2020","Tue May 12 14:10:27 EEST 2020","212","","Starting flow - imdb 250 movies chart page: ","","Starting flow - imdb 250 movies chart page: ","should verify Top Rated Moveis page headings, heading body texts and labels. ","should verify Top Rated Moveis page headings, heading body texts and labels. ",""
"passed","Tue May 12 14:10:17 EEST 2020","Tue May 12 14:10:20 EEST 2020","3295","","Starting flow - imdb 250 movies chart page: ","","Starting flow - imdb 250 movies chart page: ","should open browser and go to IMDB 250 Top Rated Moveis page. ","should open browser and go to IMDB 250 Top Rated Moveis page. ",""
"passed","Tue May 12 14:10:21 EEST 2020","Tue May 12 14:10:21 EEST 2020","11","","navigating to imdb page","","navigating to imdb page","should verify page title ","should verify page title ",""
"passed","Tue May 12 14:10:23 EEST 2020","Tue May 12 14:10:25 EEST 2020","2229","","navigating to imdb page","","navigating to imdb page","should click Submit button ","should click Submit button ",""
"passed","Tue May 12 14:10:22 EEST 2020","Tue May 12 14:10:23 EEST 2020","580","","navigating to imdb page","","navigating to imdb page","should click Sign in with Google button ","should click Sign in with Google button ",""
"passed","Tue May 12 14:10:27 EEST 2020","Tue May 12 14:10:32 EEST 2020","4627","","Starting flow - imdb 250 movies chart page: ","","Starting flow - imdb 250 movies chart page: ","should sort movies in Descending and Ascending order and add a movie to watchlist. ","should sort movies in Descending and Ascending order and add a movie to watchlist. ",""
